term,estimate,std.error,statistic,p.value,conf.low,conf.high,concordance,model
"intention_4cat2+ years, intends",1.967,0.18151888581184833,3.7272622888032307,2e-4,1.378,2.808,0.776,Cox_M3
intention_4cat1–2 years,3.631,0.1525710825185919,8.45134634517363,0,2.692,4.896,0.776,Cox_M3
intention_4cat< 1 year,16.096,0.14510693677353814,19.148620216455047,0,12.112,21.392,0.776,Cox_M3
age,0.979,0.0071442264958067915,-2.903469992566217,0.0037,0.966,0.993,0.776,Cox_M3
sexWoman,1.096,0.10485368251237694,0.8767034514691588,0.3806,0.893,1.346,0.776,Cox_M3
srh,1.104,0.05257805467595491,1.874874273440836,0.0608,0.996,1.223,0.776,Cox_M3
housing_suitability,1.312,0.10021610594070365,2.7132769378298343,0.0067,1.078,1.597,0.776,Cox_M3
home_satisfaction,0.833,0.06150336688023399,-2.9692137734509925,0.003,0.738,0.94,0.776,Cox_M3
neighbourhood_cohesion,1.034,0.10775625059089784,0.30763256114631,0.7584,0.837,1.277,0.776,Cox_M3
